[
  {
    "id": "5036a046-c3e5-480f-8d4d-76ac181ae5f3",
    "data": [
      {
        "text": "go back to main page",
        "userDefined": false
      }
    ],
    "isTemplate": false,
    "count": 1
  },
  {
    "id": "9049ad5c-0a8b-4df1-9dcc-c6ae4e143b76",
    "data": [
      {
        "text": "go to main menu",
        "userDefined": false
      }
    ],
    "isTemplate": false,
    "count": 0
  },
  {
    "id": "6e049537-3a7f-4721-8e78-1c1b38081e45",
    "data": [
      {
        "text": "go to my page",
        "userDefined": false
      }
    ],
    "isTemplate": false,
    "count": 0
  },
  {
    "id": "ee8fd9df-ce00-4109-9c54-fb4f5f41401f",
    "data": [
      {
        "text": "go to main page",
        "userDefined": false
      }
    ],
    "isTemplate": false,
    "count": 0
  },
  {
    "id": "cb593fd8-dec9-4e40-b84c-d1e334308a68",
    "data": [
      {
        "text": "open cheechako",
        "userDefined": false
      }
    ],
    "isTemplate": false,
    "count": 0
  },
  {
    "id": "730dcfd1-d99b-4f4a-b1d9-0f0611200bab",
    "data": [
      {
        "text": "Open chicago",
        "userDefined": false
      }
    ],
    "isTemplate": false,
    "count": 0
  },
  {
    "id": "467d9d65-6005-4788-9bd3-d117e0ed4e79",
    "data": [
      {
        "text": "Back to chicago",
        "userDefined": false
      }
    ],
    "isTemplate": false,
    "count": 0,
    "updated": 1514446643
  },
  {
    "id": "d3a87a8b-93b9-41fc-b183-5f8ae08eac6a",
    "data": [
      {
        "text": "Launch chicago",
        "userDefined": false
      }
    ],
    "isTemplate": false,
    "count": 0,
    "updated": 1514446643
  },
  {
    "id": "f1e980e3-1017-4ee7-a822-6c437a421c11",
    "data": [
      {
        "text": "Back to main page",
        "userDefined": false
      }
    ],
    "isTemplate": false,
    "count": 0,
    "updated": 1514446643
  },
  {
    "id": "e6868bd8-d6c8-4c36-9390-7db153f13c5b",
    "data": [
      {
        "text": "Launch KikaGo",
        "userDefined": false
      }
    ],
    "isTemplate": false,
    "count": 0,
    "updated": 1514446643
  },
  {
    "id": "3b6cce83-f914-4927-826f-b4b807a68d6f",
    "data": [
      {
        "text": "Open KikaGo",
        "userDefined": false
      }
    ],
    "isTemplate": false,
    "count": 0,
    "updated": 1514446643
  },
  {
    "id": "769de6fc-69c8-4103-83c9-0684b8b3d1e5",
    "data": [
      {
        "text": "Back to KikaGo",
        "userDefined": false
      }
    ],
    "isTemplate": false,
    "count": 0,
    "updated": 1514446643
  }
]