[
  {
    "id": "d91f7954-e932-49c6-b881-8c84d3d12677",
    "data": [
      {
        "text": "music",
        "meta": "@sys.ignore",
        "userDefined": false
      }
    ],
    "isTemplate": false,
    "count": 0,
    "updated": 1515141015
  },
  {
    "id": "2e425c55-b95e-4b68-b800-05bda9609cb2",
    "data": [
      {
        "text": "play music",
        "meta": "@sys.ignore",
        "userDefined": false
      }
    ],
    "isTemplate": false,
    "count": 0,
    "updated": 1515141015
  }
]