[
  {
    "id": "62bb9528-75a7-4e59-a2a7-29671972174b",
    "data": [
      {
        "text": "I want to go to a ",
        "userDefined": false
      },
      {
        "text": "starbucks",
        "alias": "destination",
        "meta": "@sys.any",
        "userDefined": true
      }
    ],
    "isTemplate": false,
    "count": 0
  },
  {
    "id": "624902e9-3208-45c7-a89c-9cd3c6373169",
    "data": [
      {
        "text": "I want to go to ",
        "userDefined": false
      },
      {
        "text": "starbucks",
        "alias": "destination",
        "meta": "@sys.any",
        "userDefined": true
      }
    ],
    "isTemplate": false,
    "count": 0
  },
  {
    "id": "bb50b3aa-ac60-4788-9a2e-2929f99c4148",
    "data": [
      {
        "text": "find me ",
        "userDefined": false
      },
      {
        "text": "starbucks",
        "alias": "destination",
        "meta": "@sys.any",
        "userDefined": true
      }
    ],
    "isTemplate": false,
    "count": 0
  },
  {
    "id": "57ca1fcb-776a-471b-adb7-34f00535d2ee",
    "data": [
      {
        "text": "find me a ",
        "userDefined": false
      },
      {
        "text": "starbucks",
        "alias": "destination",
        "meta": "@sys.any",
        "userDefined": true
      }
    ],
    "isTemplate": false,
    "count": 0
  },
  {
    "id": "0a2b7429-7cf8-47de-9e28-d80d17249c19",
    "data": [
      {
        "text": "get to ",
        "userDefined": false
      },
      {
        "text": "Taipei 101",
        "alias": "destination",
        "meta": "@sys.any",
        "userDefined": true
      }
    ],
    "isTemplate": false,
    "count": 0
  },
  {
    "id": "5c5ad69a-b677-47af-9ae6-17e92ec08da2",
    "data": [
      {
        "text": "Launch driving directions to ",
        "userDefined": false
      },
      {
        "text": "Taipei",
        "alias": "destination",
        "meta": "@sys.any",
        "userDefined": true
      }
    ],
    "isTemplate": false,
    "count": 0
  },
  {
    "id": "42ca557f-c265-4da7-9f92-1437d3c3eb54",
    "data": [
      {
        "text": "Give me directions to ",
        "userDefined": false
      },
      {
        "text": "Taipei 101",
        "alias": "destination",
        "meta": "@sys.any",
        "userDefined": true
      }
    ],
    "isTemplate": false,
    "count": 0
  },
  {
    "id": "60f66204-971c-4057-b739-2065572ca7b9",
    "data": [
      {
        "text": "Nearby ",
        "userDefined": false
      },
      {
        "text": "gas stations",
        "alias": "destination",
        "meta": "@sys.any",
        "userDefined": true
      }
    ],
    "isTemplate": false,
    "count": 0
  },
  {
    "id": "52840632-b5ec-4bd4-89a0-ee331c59519b",
    "data": [
      {
        "text": "Directions to ",
        "userDefined": false
      },
      {
        "text": "work",
        "alias": "destination",
        "meta": "@sys.any",
        "userDefined": true
      }
    ],
    "isTemplate": false,
    "count": 0
  },
  {
    "id": "dee5c0c5-56f2-4a13-8159-f559b63fc600",
    "data": [
      {
        "text": "Find ",
        "userDefined": false
      },
      {
        "text": "gas stations",
        "alias": "destination",
        "meta": "@sys.any",
        "userDefined": true
      }
    ],
    "isTemplate": false,
    "count": 0
  },
  {
    "id": "ab2d65cc-23c4-4195-a313-bbf43f1a7400",
    "data": [
      {
        "text": "Where is the ",
        "userDefined": false
      },
      {
        "text": "gas station",
        "alias": "destination",
        "meta": "@sys.any",
        "userDefined": true
      }
    ],
    "isTemplate": false,
    "count": 0
  },
  {
    "id": "333dd123-4da5-4972-ab58-fa1342a4c66e",
    "data": [
      {
        "text": "Where is ",
        "userDefined": false
      },
      {
        "text": "Park",
        "alias": "destination",
        "meta": "@sys.any",
        "userDefined": true
      }
    ],
    "isTemplate": false,
    "count": 0
  },
  {
    "id": "c9c01234-ed12-4238-8f6d-06071ecb1203",
    "data": [
      {
        "text": "Find directions to ",
        "userDefined": false
      },
      {
        "text": "Taiwan University",
        "alias": "destination",
        "meta": "@sys.any",
        "userDefined": true
      }
    ],
    "isTemplate": false,
    "count": 0
  },
  {
    "id": "5d667e7d-198e-4b42-a837-86752b839ea8",
    "data": [
      {
        "text": "Take me ",
        "userDefined": false
      },
      {
        "text": "home",
        "alias": "destination",
        "meta": "@sys.any",
        "userDefined": true
      }
    ],
    "isTemplate": false,
    "count": 0
  },
  {
    "id": "e66de942-6bac-4bb5-a87d-36913eddb93a",
    "data": [
      {
        "text": "Application to ",
        "userDefined": false
      },
      {
        "text": "bra bra bra",
        "alias": "destination",
        "meta": "@sys.any",
        "userDefined": true
      }
    ],
    "isTemplate": false,
    "count": 0
  },
  {
    "id": "06b8dda0-c7c0-4f44-bdb2-64ff9f7f02c1",
    "data": [
      {
        "text": "Application",
        "userDefined": false
      }
    ],
    "isTemplate": false,
    "count": 0
  },
  {
    "id": "1a573275-3391-485b-8c35-b126615e3fb5",
    "data": [
      {
        "text": "Habitation to ",
        "userDefined": false
      },
      {
        "text": "new york city",
        "alias": "destination",
        "meta": "@sys.any",
        "userDefined": true
      }
    ],
    "isTemplate": false,
    "count": 0
  },
  {
    "id": "f02e2649-1b46-4e7d-abef-5b10607d37fe",
    "data": [
      {
        "text": "Habitation",
        "userDefined": false
      }
    ],
    "isTemplate": false,
    "count": 0
  },
  {
    "id": "eb4ccc76-37ff-4b93-9148-c0410655a46f",
    "data": [
      {
        "text": "Levitation to ",
        "userDefined": false
      },
      {
        "text": "Central Park",
        "alias": "destination",
        "meta": "@sys.any",
        "userDefined": true
      }
    ],
    "isTemplate": false,
    "count": 0
  },
  {
    "id": "a42a483a-1c8d-41c6-9eac-a6b7db14dbad",
    "data": [
      {
        "text": "Levitation",
        "userDefined": false
      }
    ],
    "isTemplate": false,
    "count": 0
  },
  {
    "id": "8ecb852c-666e-4b1d-9b3a-109165c86c0e",
    "data": [
      {
        "text": "How do I get to ",
        "userDefined": false
      },
      {
        "text": "Central Park",
        "alias": "destination",
        "meta": "@sys.any",
        "userDefined": true
      }
    ],
    "isTemplate": false,
    "count": 0
  },
  {
    "id": "30b6b685-bf7b-428c-b38a-30bbf1c90813",
    "data": [
      {
        "text": "navigate",
        "meta": "@sys.ignore",
        "userDefined": false
      },
      {
        "text": " to ",
        "userDefined": false
      },
      {
        "text": "Taiwan University",
        "alias": "destination",
        "meta": "@sys.any",
        "userDefined": false
      }
    ],
    "isTemplate": false,
    "count": 0
  },
  {
    "id": "ded73cac-22ea-4f7f-bc64-85bea6745f26",
    "data": [
      {
        "text": "navigation",
        "meta": "@sys.ignore",
        "userDefined": false
      },
      {
        "text": " to ",
        "userDefined": false
      },
      {
        "text": "taiwan university",
        "alias": "destination",
        "meta": "@sys.any",
        "userDefined": false
      }
    ],
    "isTemplate": false,
    "count": 0
  },
  {
    "id": "ae31bb3f-35cf-4a0c-a66c-f18ae018d4a4",
    "data": [
      {
        "text": "Take me to ",
        "userDefined": false
      },
      {
        "text": "Taipei 101",
        "alias": "destination",
        "meta": "@sys.any",
        "userDefined": true
      }
    ],
    "isTemplate": false,
    "count": 0
  },
  {
    "id": "7112cb7a-a78d-4103-8a3d-d7faa8930dbb",
    "data": [
      {
        "text": "take me to ",
        "userDefined": false
      },
      {
        "text": "Universal Studios Hollywood",
        "alias": "destination",
        "meta": "@sys.any",
        "userDefined": true
      }
    ],
    "isTemplate": false,
    "count": 0
  },
  {
    "id": "3c2fe6bc-9370-403c-9a07-89593fd382c8",
    "data": [
      {
        "text": "navigation",
        "meta": "@sys.ignore",
        "userDefined": false
      }
    ],
    "isTemplate": false,
    "count": 0
  },
  {
    "id": "72eab6b0-1f7c-4ebd-a478-06c88c6c4220",
    "data": [
      {
        "text": "Navigate to ",
        "userDefined": false
      },
      {
        "text": "555 first street",
        "alias": "destination",
        "meta": "@sys.any",
        "userDefined": false
      }
    ],
    "isTemplate": false,
    "count": 0
  },
  {
    "id": "b484e18e-ef94-4d14-9121-861b2c986b3f",
    "data": [
      {
        "text": "go to ",
        "userDefined": false
      },
      {
        "text": "Yosemite National Park",
        "alias": "destination",
        "meta": "@sys.any",
        "userDefined": true
      }
    ],
    "isTemplate": false,
    "count": 1
  },
  {
    "id": "056ebaf8-7a0c-4064-98b2-b5c71abf44ee",
    "data": [
      {
        "text": "Take me to the ",
        "userDefined": false
      },
      {
        "text": "Golden Gate Bridge",
        "alias": "destination",
        "meta": "@sys.any",
        "userDefined": false
      }
    ],
    "isTemplate": false,
    "count": 0
  },
  {
    "id": "b16a53cb-dd93-40c1-8457-74e602a148f5",
    "data": [
      {
        "text": "navigate",
        "meta": "@sys.ignore",
        "userDefined": false
      }
    ],
    "isTemplate": false,
    "count": 0
  },
  {
    "id": "4865b964-2e3e-4703-830c-1f5c9e6842f3",
    "data": [
      {
        "text": "go to the ",
        "userDefined": false
      },
      {
        "text": "office",
        "alias": "destination",
        "meta": "@sys.any",
        "userDefined": false
      }
    ],
    "isTemplate": false,
    "count": 0
  },
  {
    "id": "c0aeea8a-92ab-4b90-b6d2-886c9260e452",
    "data": [
      {
        "text": "I want to go to ",
        "userDefined": false
      },
      {
        "text": "111 street",
        "alias": "destination",
        "meta": "@sys.any",
        "userDefined": false
      }
    ],
    "isTemplate": false,
    "count": 0
  }
]