[
  {
    "id": "235303b0-c3df-4780-9053-253ea2f9ff29",
    "data": [
      {
        "text": "pencil",
        "userDefined": false
      }
    ],
    "isTemplate": false,
    "count": 0
  },
  {
    "id": "b4a13350-a300-4423-aaf7-956cefc43b6a",
    "data": [
      {
        "text": "Pixel",
        "userDefined": false
      }
    ],
    "isTemplate": false,
    "count": 0
  },
  {
    "id": "06ab81c6-cfc4-470f-8138-20adc2419ced",
    "data": [
      {
        "text": "stop navigate",
        "userDefined": false
      }
    ],
    "isTemplate": false,
    "count": 0
  },
  {
    "id": "300891e5-7636-4533-9332-b36d738aee44",
    "data": [
      {
        "text": "cancel navigate",
        "userDefined": false
      }
    ],
    "isTemplate": false,
    "count": 0
  },
  {
    "id": "189d95eb-7d87-4cfa-a84f-1cd313b13114",
    "data": [
      {
        "text": "cancel navigation",
        "userDefined": false
      }
    ],
    "isTemplate": false,
    "count": 0
  },
  {
    "id": "d3e3677e-ce87-4217-bac8-e3d5c554c633",
    "data": [
      {
        "text": "cancel",
        "userDefined": false
      }
    ],
    "isTemplate": false,
    "count": 0,
    "updated": 0
  },
  {
    "id": "f966201e-0219-45bc-b744-44c3cb3a084a",
    "data": [
      {
        "text": "stop it",
        "userDefined": false
      }
    ],
    "isTemplate": false,
    "count": 0,
    "updated": 0
  },
  {
    "id": "d3e51894-1e71-4d46-9e84-bd5e4e72069d",
    "data": [
      {
        "text": "forget that",
        "userDefined": false
      }
    ],
    "isTemplate": false,
    "count": 0,
    "updated": 0
  },
  {
    "id": "d22aa91b-27e2-43ed-86f1-bcf289ef1055",
    "data": [
      {
        "text": "stop navigation",
        "userDefined": false
      }
    ],
    "isTemplate": false,
    "count": 0
  },
  {
    "id": "de705ee0-dc4e-4892-a14f-2e1b2d04484a",
    "data": [
      {
        "text": "dismiss",
        "userDefined": false
      }
    ],
    "isTemplate": false,
    "count": 0,
    "updated": 0
  },
  {
    "id": "6458a236-cd42-4e2a-8f4d-f00e4098bbb8",
    "data": [
      {
        "text": "cancel that",
        "userDefined": false
      }
    ],
    "isTemplate": false,
    "count": 5,
    "updated": 0
  },
  {
    "id": "fd1ddaad-86a4-4dc2-839d-63e6380fa912",
    "data": [
      {
        "text": "just forget about it",
        "userDefined": false
      }
    ],
    "isTemplate": false,
    "count": 1,
    "updated": 0
  },
  {
    "id": "fb34796d-eb77-4b2b-8242-112c236bc932",
    "data": [
      {
        "text": "stop",
        "userDefined": false
      }
    ],
    "isTemplate": false,
    "count": 3,
    "updated": 0
  },
  {
    "id": "c31c322f-ee2f-4fd3-9311-a3f7ca008c1a",
    "data": [
      {
        "text": "do nothing",
        "userDefined": false
      }
    ],
    "isTemplate": false,
    "count": 0,
    "updated": 0
  },
  {
    "id": "7bc092e4-4c3f-4395-a217-72fec7b7a727",
    "data": [
      {
        "text": "skip",
        "userDefined": false
      }
    ],
    "isTemplate": false,
    "count": 2,
    "updated": 0
  },
  {
    "id": "7e536175-f1f6-44df-80e8-9b1bb9d4d017",
    "data": [
      {
        "text": "never mind",
        "userDefined": false
      }
    ],
    "isTemplate": false,
    "count": 0,
    "updated": 0
  }
]