[
  {
    "id": "92a34fb9-4cdc-4a23-9851-052c4b8b9edb",
    "data": [
      {
        "text": "kika_process_received_im",
        "userDefined": false
      }
    ],
    "isTemplate": false,
    "count": 0
  },
  {
    "id": "af9aeea1-e554-46df-808e-9767d9a181e6",
    "data": [
      {
        "text": "kika_process_received_im ",
        "userDefined": false
      },
      {
        "text": "1511155528276",
        "alias": "any",
        "meta": "@sys.any",
        "userDefined": true
      }
    ],
    "isTemplate": false,
    "count": 0,
    "updated": 1511831721
  }
]