[
  {
    "id": "85392287-61af-46b4-80fb-6ab8c5c8f64c",
    "data": [
      {
        "text": "pencil",
        "userDefined": false
      }
    ],
    "isTemplate": false,
    "count": 0
  },
  {
    "id": "8c282174-d22b-4ff1-b344-236eb8277365",
    "data": [
      {
        "text": "pixel",
        "userDefined": false
      }
    ],
    "isTemplate": false,
    "count": 0
  },
  {
    "id": "517c2964-3b78-4f9d-a9a7-5950224ff10b",
    "data": [
      {
        "text": "ignore",
        "userDefined": false
      }
    ],
    "isTemplate": false,
    "count": 0
  },
  {
    "id": "d379d0bc-6aac-4ec2-bb83-ea281e8ad2b4",
    "data": [
      {
        "text": "never mind",
        "userDefined": false
      }
    ],
    "isTemplate": false,
    "count": 0,
    "updated": 0
  },
  {
    "id": "d890ec99-8e46-4123-b46a-34bc380a9c20",
    "data": [
      {
        "text": "forget that",
        "userDefined": false
      }
    ],
    "isTemplate": false,
    "count": 0,
    "updated": 0
  },
  {
    "id": "60d0f9eb-bed3-44c8-a27a-02a8947f28e2",
    "data": [
      {
        "text": "dismiss",
        "userDefined": false
      }
    ],
    "isTemplate": false,
    "count": 0,
    "updated": 0
  },
  {
    "id": "1210fb82-2de0-4ae1-9408-84fda98313ba",
    "data": [
      {
        "text": "skip",
        "userDefined": false
      }
    ],
    "isTemplate": false,
    "count": 2,
    "updated": 0
  },
  {
    "id": "29fae125-8b44-44b0-b576-c9cb0c1cae7d",
    "data": [
      {
        "text": "do nothing",
        "userDefined": false
      }
    ],
    "isTemplate": false,
    "count": 0,
    "updated": 0
  },
  {
    "id": "91f38976-25e1-41c4-96c2-bf50a729ab42",
    "data": [
      {
        "text": "cancel that",
        "userDefined": false
      }
    ],
    "isTemplate": false,
    "count": 5,
    "updated": 0
  },
  {
    "id": "c7d45005-02cc-41c0-a4ac-e0077853de93",
    "data": [
      {
        "text": "cancel",
        "userDefined": false
      }
    ],
    "isTemplate": false,
    "count": 0,
    "updated": 0
  },
  {
    "id": "c497f08d-d1d5-4351-9fc6-f02e6bf80e20",
    "data": [
      {
        "text": "stop it",
        "userDefined": false
      }
    ],
    "isTemplate": false,
    "count": 0,
    "updated": 0
  },
  {
    "id": "14d01ab9-82a3-4325-a856-855e4adfebcf",
    "data": [
      {
        "text": "just forget about it",
        "userDefined": false
      }
    ],
    "isTemplate": false,
    "count": 1,
    "updated": 0
  },
  {
    "id": "217f66ea-187f-45a8-a15d-f6a867580d8c",
    "data": [
      {
        "text": "stop",
        "userDefined": false
      }
    ],
    "isTemplate": false,
    "count": 3,
    "updated": 0
  }
]