[
  {
    "id": "7afceec6-8515-4c91-9177-9198a69db8cc",
    "data": [
      {
        "text": "kika_process_received_sms",
        "userDefined": false
      }
    ],
    "isTemplate": false,
    "count": 0
  },
  {
    "id": "3b6c09d6-1bde-4550-abd6-7cb4b0a72ef6",
    "data": [
      {
        "text": "kika_process_received_sms ",
        "userDefined": false
      },
      {
        "text": "1511150456782",
        "alias": "any",
        "meta": "@sys.any",
        "userDefined": true
      }
    ],
    "isTemplate": false,
    "count": 0
  },
  {
    "id": "a9a47d4f-d114-4b16-881d-83f6cbad86b4",
    "data": [
      {
        "text": "kika_process_received_sms ",
        "userDefined": false
      },
      {
        "text": "1511155528276",
        "alias": "any",
        "meta": "@sys.any",
        "userDefined": true
      }
    ],
    "isTemplate": false,
    "count": 0
  },
  {
    "id": "feb1b1ef-b1de-4d3c-9633-a7550099d222",
    "data": [
      {
        "text": "kika_process_received_sms ",
        "userDefined": false
      },
      {
        "text": "123456788",
        "alias": "any",
        "meta": "@sys.any",
        "userDefined": true
      }
    ],
    "isTemplate": false,
    "count": 1,
    "updated": 1510912329
  }
]