[
  {
    "id": "3202abf7-8d32-44d6-9a0a-37a1015ab98a",
    "data": [
      {
        "text": "send sms message",
        "userDefined": false
      }
    ],
    "isTemplate": false,
    "count": 0
  },
  {
    "id": "ba1a5e31-5449-4283-9052-725bea9ebac7",
    "data": [
      {
        "text": "Send SMS to ",
        "userDefined": false
      },
      {
        "text": "Jack",
        "alias": "name",
        "meta": "@sys.any",
        "userDefined": true
      },
      {
        "text": " that ",
        "userDefined": false
      },
      {
        "text": "I will be late",
        "alias": "messageBody",
        "meta": "@sys.any",
        "userDefined": true
      }
    ],
    "isTemplate": false,
    "count": 0
  },
  {
    "id": "cde19e62-cba5-4a25-9dc8-b404766fee52",
    "data": [
      {
        "text": "Text ",
        "userDefined": false
      },
      {
        "text": "name",
        "alias": "name",
        "meta": "@sys.any",
        "userDefined": true
      },
      {
        "text": " that ",
        "userDefined": false
      },
      {
        "text": "I will be late",
        "alias": "messageBody",
        "meta": "@sys.any",
        "userDefined": true
      }
    ],
    "isTemplate": false,
    "count": 0
  },
  {
    "id": "2d177a6e-393b-419c-96a9-f1c37250661a",
    "data": [
      {
        "text": "Text message to ",
        "userDefined": false
      },
      {
        "text": "name",
        "alias": "name",
        "meta": "@sys.any",
        "userDefined": true
      },
      {
        "text": " that ",
        "userDefined": false
      },
      {
        "text": "I will be late",
        "alias": "messageBody",
        "meta": "@sys.any",
        "userDefined": true
      }
    ],
    "isTemplate": false,
    "count": 0
  },
  {
    "id": "9963d1ac-7789-49d5-aa7b-a1739764188b",
    "data": [
      {
        "text": "Text message to ",
        "userDefined": false
      },
      {
        "text": "daniel",
        "alias": "name",
        "meta": "@sys.any",
        "userDefined": true
      }
    ],
    "isTemplate": false,
    "count": 0
  },
  {
    "id": "f7244c9d-b706-4525-8f28-40fdbd9901d4",
    "data": [
      {
        "text": "sms ",
        "userDefined": false
      },
      {
        "text": "how are you",
        "alias": "messageBody",
        "meta": "@sys.any",
        "userDefined": true
      },
      {
        "text": " to ",
        "userDefined": false
      },
      {
        "text": "daniel",
        "alias": "name",
        "meta": "@sys.any",
        "userDefined": true
      }
    ],
    "isTemplate": false,
    "count": 0
  },
  {
    "id": "9c3cc5b7-f6c8-4a8e-b16c-464a412d2d8d",
    "data": [
      {
        "text": "sms to ",
        "userDefined": false
      },
      {
        "text": "skeeter",
        "alias": "name",
        "meta": "@sys.any",
        "userDefined": true
      }
    ],
    "isTemplate": false,
    "count": 0
  },
  {
    "id": "bde46d03-c483-48c7-b6c4-d78c0195a9b8",
    "data": [
      {
        "text": "send sms ",
        "userDefined": false
      },
      {
        "text": "how are you",
        "alias": "messageBody",
        "meta": "@sys.any",
        "userDefined": true
      },
      {
        "text": " to ",
        "userDefined": false
      },
      {
        "text": "Skeeter",
        "alias": "name",
        "meta": "@sys.any",
        "userDefined": true
      }
    ],
    "isTemplate": false,
    "count": 0
  },
  {
    "id": "07c87503-9d1c-4f3c-9cb3-fc119b8a4ea0",
    "data": [
      {
        "text": "text ",
        "userDefined": false
      },
      {
        "text": "how are you today",
        "alias": "messageBody",
        "meta": "@sys.any",
        "userDefined": true
      }
    ],
    "isTemplate": false,
    "count": 0
  },
  {
    "id": "3dbe82df-af0e-4df2-a6b0-c3de3246256f",
    "data": [
      {
        "text": "text to",
        "userDefined": false
      }
    ],
    "isTemplate": false,
    "count": 1
  },
  {
    "id": "ecb292ae-8daf-4040-8731-9858f376c1ac",
    "data": [
      {
        "text": "send sms",
        "userDefined": false
      }
    ],
    "isTemplate": false,
    "count": 0
  },
  {
    "id": "fb740b53-11b0-4029-afa3-834853305c3e",
    "data": [
      {
        "text": "sms to",
        "userDefined": false
      }
    ],
    "isTemplate": false,
    "count": 0
  },
  {
    "id": "be3c89a4-e7f9-44b4-9fd6-bd6c0c4d12b8",
    "data": [
      {
        "text": "Text message",
        "userDefined": false
      }
    ],
    "isTemplate": false,
    "count": 0
  },
  {
    "id": "82b95725-49cc-4c88-8f18-4c88d6d6d3cd",
    "data": [
      {
        "text": "text",
        "meta": "@sys.ignore",
        "userDefined": true
      },
      {
        "text": " ",
        "userDefined": false
      },
      {
        "text": "How are you doing",
        "alias": "messageBody",
        "meta": "@sys.any",
        "userDefined": true
      },
      {
        "text": " to ",
        "userDefined": false
      },
      {
        "text": "Mary",
        "alias": "name",
        "meta": "@sys.any",
        "userDefined": true
      }
    ],
    "isTemplate": false,
    "count": 2,
    "updated": 1512359355
  },
  {
    "id": "2c5bf135-4f17-4098-9e63-6305b286710d",
    "data": [
      {
        "text": "send sms to ",
        "userDefined": false
      },
      {
        "text": "Addison",
        "alias": "name",
        "meta": "@sys.any",
        "userDefined": false
      }
    ],
    "isTemplate": false,
    "count": 0,
    "updated": 1512359355
  },
  {
    "id": "7b383ab4-a56b-438b-94db-afca3ad5929b",
    "data": [
      {
        "text": "send text",
        "userDefined": false
      }
    ],
    "isTemplate": false,
    "count": 0,
    "updated": 1512359355
  },
  {
    "id": "f9bc8b46-0cea-4e28-a5ad-93be50940055",
    "data": [
      {
        "text": "send",
        "meta": "@sys.ignore",
        "userDefined": false
      },
      {
        "text": " text to ",
        "userDefined": false
      },
      {
        "text": "brad pitt",
        "alias": "name",
        "meta": "@sys.any",
        "userDefined": false
      }
    ],
    "isTemplate": false,
    "count": 0,
    "updated": 1512359355
  },
  {
    "id": "c79daed6-847b-48c8-9b5c-d957c1278b93",
    "data": [
      {
        "text": "text to",
        "meta": "@sys.ignore",
        "userDefined": false
      },
      {
        "text": " ",
        "userDefined": false
      },
      {
        "text": "Johnson",
        "alias": "name",
        "meta": "@sys.any",
        "userDefined": true
      }
    ],
    "isTemplate": false,
    "count": 1,
    "updated": 1512359355
  },
  {
    "id": "82aec5f7-bf12-4d3d-9e51-73ca8699ef37",
    "data": [
      {
        "text": "Send",
        "meta": "@sys.ignore",
        "userDefined": true
      },
      {
        "text": " sms ",
        "userDefined": false
      },
      {
        "text": "How have you been",
        "alias": "messageBody",
        "meta": "@sys.any",
        "userDefined": true
      },
      {
        "text": " to ",
        "userDefined": false
      },
      {
        "text": "Chris",
        "alias": "name",
        "meta": "@sys.any",
        "userDefined": false
      }
    ],
    "isTemplate": false,
    "count": 1,
    "updated": 1512359355
  },
  {
    "id": "83288f62-3873-4ba8-8580-debb1ea53a09",
    "data": [
      {
        "text": "send sms message to ",
        "userDefined": false
      },
      {
        "text": "Taylor Swift",
        "alias": "name",
        "meta": "@sys.any",
        "userDefined": true
      }
    ],
    "isTemplate": false,
    "count": 0
  },
  {
    "id": "af95f570-ca64-4135-a793-93d1376cb1c7",
    "data": [
      {
        "text": "sms ",
        "userDefined": false
      },
      {
        "text": "daniel",
        "alias": "name",
        "meta": "@sys.any",
        "userDefined": true
      }
    ],
    "isTemplate": false,
    "count": 0
  },
  {
    "id": "b9e4fbe3-cfe9-4fcc-a51f-71ca01abf0be",
    "data": [
      {
        "text": "Send text ",
        "userDefined": false
      },
      {
        "text": "I won\u0027t be at home tonight",
        "alias": "messageBody",
        "meta": "@sys.any",
        "userDefined": true
      },
      {
        "text": " to ",
        "userDefined": false
      },
      {
        "text": "Amber",
        "alias": "name",
        "meta": "@sys.any",
        "userDefined": true
      }
    ],
    "isTemplate": false,
    "count": 0,
    "updated": 1512359355
  },
  {
    "id": "48237822-9c98-4713-8453-65ebf54adcd5",
    "data": [
      {
        "text": "send text ",
        "userDefined": false
      },
      {
        "text": "so sorry",
        "alias": "messageBody",
        "meta": "@sys.any",
        "userDefined": true
      },
      {
        "text": " to ",
        "userDefined": false
      },
      {
        "text": "sosorry",
        "alias": "name",
        "meta": "@sys.any",
        "userDefined": true
      }
    ],
    "isTemplate": false,
    "count": 1,
    "updated": 1512359355
  },
  {
    "id": "56aad6cd-744c-4ea7-b45f-24b6dad0ce32",
    "data": [
      {
        "text": "Send",
        "meta": "@sys.ignore",
        "userDefined": true
      },
      {
        "text": " text ",
        "userDefined": false
      },
      {
        "text": "I won\u0027t be at home tonight",
        "alias": "messageBody",
        "meta": "@sys.any",
        "userDefined": true
      },
      {
        "text": " to ",
        "userDefined": false
      },
      {
        "text": "Amber",
        "alias": "name",
        "meta": "@sys.any",
        "userDefined": true
      }
    ],
    "isTemplate": false,
    "count": 0,
    "updated": 1512359355
  },
  {
    "id": "8b4fbcfe-87b3-48fc-84a2-5f016c2c938c",
    "data": [
      {
        "text": "sms",
        "userDefined": false
      }
    ],
    "isTemplate": false,
    "count": 0,
    "updated": 1512359355
  },
  {
    "id": "9dd3cf8b-901a-4ca5-8d9b-f53cf6f8fa32",
    "data": [
      {
        "text": "Send text to",
        "meta": "@sys.ignore",
        "userDefined": true
      },
      {
        "text": " ",
        "userDefined": false
      },
      {
        "text": "Janny Cozzi",
        "alias": "name",
        "meta": "@sys.any",
        "userDefined": true
      }
    ],
    "isTemplate": false,
    "count": 0,
    "updated": 1512359355
  },
  {
    "id": "3953bbc2-85e8-4ff5-89af-5812375049a3",
    "data": [
      {
        "text": "text",
        "userDefined": false
      }
    ],
    "isTemplate": false,
    "count": 0,
    "updated": 1512359355
  }
]