[
  {
    "id": "12039535-db99-48f0-af31-20c4e9f2659e",
    "data": [
      {
        "text": "go with ",
        "userDefined": false
      },
      {
        "text": "fb messenger",
        "alias": "im-app",
        "meta": "@im-app",
        "userDefined": true
      }
    ],
    "isTemplate": false,
    "count": 0
  },
  {
    "id": "db4ffc5b-5dcf-4196-b387-54c668492faf",
    "data": [
      {
        "text": "wechat",
        "alias": "im-app",
        "meta": "@im-app",
        "userDefined": true
      }
    ],
    "isTemplate": false,
    "count": 0
  },
  {
    "id": "ec6bc275-9c2f-46f1-97fb-5f86b7aed25e",
    "data": [
      {
        "text": "line",
        "alias": "im-app",
        "meta": "@im-app",
        "userDefined": true
      }
    ],
    "isTemplate": false,
    "count": 0
  },
  {
    "id": "8ffb2168-5e1e-43e8-9966-a180d0205855",
    "data": [
      {
        "text": "facebook",
        "alias": "im-app",
        "meta": "@im-app",
        "userDefined": true
      }
    ],
    "isTemplate": false,
    "count": 0
  },
  {
    "id": "49636048-c54f-4f94-a39f-ff27be894636",
    "data": [
      {
        "text": "try ",
        "userDefined": false
      },
      {
        "text": "messenger",
        "alias": "im-app",
        "meta": "@im-app",
        "userDefined": true
      }
    ],
    "isTemplate": false,
    "count": 0
  },
  {
    "id": "0cf3216d-34f8-4bf6-8949-9af815507eba",
    "data": [
      {
        "text": "use ",
        "userDefined": false
      },
      {
        "text": "facebook",
        "alias": "im-app",
        "meta": "@im-app",
        "userDefined": true
      }
    ],
    "isTemplate": false,
    "count": 0
  },
  {
    "id": "0004f632-75ec-4173-83e0-cb4d38516955",
    "data": [
      {
        "text": "use ",
        "userDefined": false
      },
      {
        "text": "wechat",
        "alias": "im-app",
        "meta": "@im-app",
        "userDefined": true
      }
    ],
    "isTemplate": false,
    "count": 0
  },
  {
    "id": "e6d69cf0-0e22-4c38-b505-0f60b10b9844",
    "data": [
      {
        "text": "what\u0027s app",
        "alias": "im-app",
        "meta": "@im-app",
        "userDefined": true
      }
    ],
    "isTemplate": false,
    "count": 0
  },
  {
    "id": "4d7841e2-9744-483b-baa7-ed318005ca16",
    "data": [
      {
        "text": "fb messenger",
        "alias": "im-app",
        "meta": "@im-app",
        "userDefined": true
      }
    ],
    "isTemplate": false,
    "count": 0
  }
]