[
  {
    "id": "a955ca5c-3f6e-49ed-9662-02418316d4e4",
    "data": [
      {
        "text": "pixel",
        "userDefined": false
      }
    ],
    "isTemplate": false,
    "count": 0
  },
  {
    "id": "ade698a1-5366-44b7-9c61-b81cec967426",
    "data": [
      {
        "text": "pencil",
        "userDefined": false
      }
    ],
    "isTemplate": false,
    "count": 0
  },
  {
    "id": "46939c96-b57c-4f67-a900-eb4ec1ca56c2",
    "data": [
      {
        "text": "Exit ",
        "userDefined": false
      },
      {
        "text": "navigation",
        "alias": "stop",
        "meta": "@stop",
        "userDefined": true
      }
    ],
    "isTemplate": false,
    "count": 0
  },
  {
    "id": "ac137e1c-3610-4152-ba3f-f347de25a6de",
    "data": [
      {
        "text": "cancel ",
        "userDefined": false
      },
      {
        "text": "navigate",
        "alias": "stop",
        "meta": "@stop",
        "userDefined": true
      }
    ],
    "isTemplate": false,
    "count": 1
  },
  {
    "id": "88fd520a-b191-41c5-ac91-80d44a0dbfe1",
    "data": [
      {
        "text": "cancel ",
        "userDefined": false
      },
      {
        "text": "navigation",
        "alias": "stop",
        "meta": "@stop",
        "userDefined": true
      }
    ],
    "isTemplate": false,
    "count": 0
  },
  {
    "id": "14cffbf9-a0ff-4b3f-b42e-9d3e9da5a470",
    "data": [
      {
        "text": "skip ",
        "userDefined": false
      },
      {
        "text": "navigation",
        "alias": "stop",
        "meta": "@stop",
        "userDefined": true
      }
    ],
    "isTemplate": false,
    "count": 0
  },
  {
    "id": "cc757073-efde-4745-9be6-4cdbc37a197f",
    "data": [
      {
        "text": "cancel",
        "userDefined": false
      }
    ],
    "isTemplate": true,
    "count": 0
  },
  {
    "id": "f7ddff7f-2617-4711-9dca-174be6a77013",
    "data": [
      {
        "text": "do not ",
        "userDefined": false
      },
      {
        "text": "navigate",
        "alias": "stop",
        "meta": "@stop",
        "userDefined": true
      }
    ],
    "isTemplate": false,
    "count": 0
  },
  {
    "id": "bbe25d87-f4cb-49ff-94c8-375445067dd5",
    "data": [
      {
        "text": "dismiss",
        "userDefined": false
      }
    ],
    "isTemplate": false,
    "count": 0
  },
  {
    "id": "944b527b-3c7b-4b27-8f71-3598ad3e49c2",
    "data": [
      {
        "text": "forget",
        "userDefined": false
      }
    ],
    "isTemplate": false,
    "count": 0
  },
  {
    "id": "1ff2f96a-cce2-42dd-ba93-3a51cb6f144f",
    "data": [
      {
        "text": "stop",
        "userDefined": false
      }
    ],
    "isTemplate": false,
    "count": 0
  },
  {
    "id": "b925b00c-c319-41f2-b86e-cafa4902cecc",
    "data": [
      {
        "text": "cancel",
        "userDefined": false
      }
    ],
    "isTemplate": false,
    "count": 0
  },
  {
    "id": "b6787e08-6232-4239-a658-cfff4edc2d77",
    "data": [
      {
        "text": "Stop",
        "userDefined": false
      }
    ],
    "isTemplate": false,
    "count": 0,
    "updated": 1510652350
  },
  {
    "id": "92500d19-d4ec-4f70-aba1-45c60a46ba1f",
    "data": [
      {
        "text": "stop ",
        "userDefined": false
      },
      {
        "text": "navigation",
        "alias": "stop",
        "meta": "@stop",
        "userDefined": true
      }
    ],
    "isTemplate": false,
    "count": 0
  }
]