[
  {
    "id": "c396a3da-f945-48f8-8c64-3cfd23c55b4d",
    "data": [
      {
        "text": "dial ",
        "userDefined": false
      },
      {
        "text": "55688",
        "alias": "name",
        "meta": "@sys.any",
        "userDefined": true
      }
    ],
    "isTemplate": false,
    "count": 0
  },
  {
    "id": "beda1960-fb1c-4e4a-a026-64669c023329",
    "data": [
      {
        "text": "call to ",
        "userDefined": false
      },
      {
        "text": "Skeeter",
        "alias": "name",
        "meta": "@sys.any",
        "userDefined": true
      }
    ],
    "isTemplate": false,
    "count": 0
  },
  {
    "id": "48fd94b9-0c68-469b-a38e-3d5d30edaad4",
    "data": [
      {
        "text": "make a phone call to ",
        "userDefined": false
      },
      {
        "text": "Skeeter",
        "alias": "name",
        "meta": "@sys.any",
        "userDefined": true
      }
    ],
    "isTemplate": false,
    "count": 0
  },
  {
    "id": "56824d82-8350-4243-b4f9-b82bd831e785",
    "data": [
      {
        "text": "make a call",
        "userDefined": false
      }
    ],
    "isTemplate": false,
    "count": 0
  },
  {
    "id": "dc5baabc-7930-45e5-854c-cabb14caf0a8",
    "data": [
      {
        "text": "call ",
        "userDefined": false
      },
      {
        "text": "Skeeter",
        "alias": "name",
        "meta": "@sys.any",
        "userDefined": true
      }
    ],
    "isTemplate": false,
    "count": 0
  },
  {
    "id": "90637ae1-639b-4581-84c3-3ebbe20a080d",
    "data": [
      {
        "text": "make a call to ",
        "userDefined": false
      },
      {
        "text": "Skeeter",
        "alias": "name",
        "meta": "@sys.any",
        "userDefined": true
      }
    ],
    "isTemplate": false,
    "count": 0,
    "updated": 1510209568
  }
]