[
  {
    "id": "61e2c3ab-0c67-4439-8363-a3aa2cb8cc48",
    "data": [
      {
        "text": "silent",
        "userDefined": false
      }
    ],
    "isTemplate": false,
    "count": 0
  },
  {
    "id": "724f4a15-a8cd-4ade-b55f-9e68a532f646",
    "data": [
      {
        "text": "ignore",
        "userDefined": false
      }
    ],
    "isTemplate": false,
    "count": 0
  },
  {
    "id": "8062ae36-0c04-4067-86df-94968181bcfb",
    "data": [
      {
        "text": "skip",
        "userDefined": false
      }
    ],
    "isTemplate": false,
    "count": 0
  }
]