[
  {
    "value": "facebook messenger",
    "synonyms": [
      "facebook messenger",
      "fb messenger",
      "facebook",
      "messenger",
      "fb"
    ]
  },
  {
    "value": "what\u0027s app",
    "synonyms": [
      "what\u0027s app",
      "whats app",
      "what app",
      "whatsapp",
      "watsapp",
      "watsapp",
      "what\u0027s up",
      "whats up",
      "whatsup",
      "what up"
    ]
  },
  {
    "value": "wechat",
    "synonyms": [
      "wechat"
    ]
  },
  {
    "value": "line",
    "synonyms": [
      "line"
    ]
  }
]